{
  "loss": 1.1215664776563645,
  "mean_iou": 44.10879045888002,
  "pixel_accuracy": 80.53699968140509,
  "num_classes_present": 150,
  "iou_per_class": [
    73.1605442819445,
    79.80339136801472,
    94.1803036130364,
    77.19417754018795,
    73.11271171856453,
    81.11330573537487,
    82.0754330392638,
    81.88638290810152,
    60.26441151463098,
    62.553028045336525,
    53.4155832356392,
    60.20087124878993,
    76.98114328629998,
    37.04708915070394,
    40.108525694212716,
    51.2529873842826,
    60.455335738389515,
    44.68844319761797,
    66.71054429674516,
    51.48100284066427,
    81.11746397928154,
    57.3100215899297,
    65.76453422362597,
    58.154079627248,
    38.487063494595134,
    45.26767777803067,
    76.83499637386481,
    51.90758722740101,
    55.92232070164661,
    43.15021522083056,
    36.90046726778423,
    54.9655374397474,
    33.07580656612181,
    39.32604212939882,
    38.08977064026383,
    44.64724743238539,
    56.622658581425064,
    67.35198372547522,
    28.54399441340782,
    50.042927204974575,
    19.216586880579637,
    16.937737858505386,
    37.60874659390516,
    34.48570749625489,
    46.96891582204532,
    21.25869591583504,
    57.31401575115752,
    65.84896769502707,
    58.03757758821547,
    59.65357577803769,
    71.5229474321252,
    38.86170325263738,
    21.915170630627326,
    28.035245030106587,
    61.168244925252836,
    44.349269778305995,
    88.29902477384704,
    47.51627863199596,
    61.98828869935535,
    39.47035316762909,
    30.068054428111896,
    50.13595399205488,
    41.27824161473185,
    26.703660361431915,
    55.30168011694735,
    76.34100474612698,
    34.68665019233058,
    45.1766225215872,
    12.083480811043131,
    38.273365210884606,
    48.87741243146264,
    67.22056805064976,
    52.29592885919722,
    30.024137465397338,
    57.797329293549936,
    43.927648578811365,
    57.00822270158844,
    28.78577171291367,
    48.56144677353062,
    27.135585250071227,
    74.08596618350981,
    53.56372426059791,
    48.474027060599916,
    21.373710855545763,
    38.55187614469141,
    60.82384174752489,
    22.82454728900964,
    23.242640620345377,
    38.23281346046631,
    60.296171974714326,
    61.845340432218585,
    27.310391055078583,
    27.168519969287015,
    16.866688513620353,
    15.415395657635026,
    9.454155490833017,
    42.292818669845225,
    35.42695354529586,
    28.695415251457533,
    38.152455426813724,
    7.601545463593837,
    14.635391646879588,
    36.779210055507136,
    40.91711499663753,
    19.172546343540077,
    45.21166221246155,
    11.09312947840252,
    74.94800066737112,
    28.92153150100652,
    58.64367241522953,
    33.11579950163798,
    48.00102003230102,
    30.08320326818933,
    61.54304912231875,
    73.10755877829048,
    13.374594618115546,
    55.38478183391884,
    72.31127730653432,
    30.8039083192353,
    51.96353603270892,
    42.04285858687961,
    4.857173162751609,
    36.87087650355741,
    27.74968432385271,
    44.16497137016344,
    29.796227284750177,
    48.22751844105537,
    45.61718829387257,
    28.42974629714334,
    62.95964009506597,
    44.7020123118032,
    8.699115158394386,
    43.488094620532245,
    55.58089861446277,
    36.204860844897645,
    26.615499391920206,
    28.130077223949453,
    9.549848942598187,
    36.7007099772391,
    55.785563365694,
    46.838351552102644,
    1.9925010186801644,
    35.75945967239416,
    10.152633115215648,
    20.36136080013022,
    1.1208779500293005,
    42.92002498289861,
    12.226724422931836,
    23.032571312967836,
    30.724081721990864
  ]
}