{
  "final_metrics": {
    "mean_iou": 44.10879045888002,
    "pixel_accuracy": 80.53699968140509
  },
  "training_history": {
    "train_loss": [
      1.8913695762240434,
      1.1895958645905875,
      0.9815922786446312,
      0.8414105210170338,
      0.7637349971911952,
      0.7019778317712908,
      0.6494681388847058,
      0.6050787201339874,
      0.5722386988846562,
      0.5361905632941406,
      0.5109189644785999,
      0.4789444430247892,
      0.4633059353107893,
      0.44296333846883684,
      0.42443440043473546,
      0.40552136318498777,
      0.39600987482485894,
      0.3801633146226029,
      0.37294776016209696,
      0.35332509861150874,
      0.3452847393323915,
      0.33720355479730457,
      0.3277797775602416,
      0.31637499242125056,
      0.31320000180526625,
      0.30669689338795747,
      0.2956973909152837,
      0.291594111643543,
      0.2843702563167184,
      0.27639506410665904,
      0.2724150985337888,
      0.2700259680682911,
      0.25979936463593306,
      0.2556573090768313,
      0.2490365021048656,
      0.24876207674417314,
      0.24081360600605795,
      0.2403791704674876,
      0.2317748522810355,
      0.23103032516362734,
      0.22756762133581163,
      0.2196643513898495,
      0.2226536551938404,
      0.21507749923422367,
      0.20734924293134974,
      0.2063022120619971,
      0.20366143105740223,
      0.2111595021796566,
      0.19711524526930496,
      0.1928544508859138,
      0.20390130263529246,
      0.1936617638161288,
      0.18563937147654877,
      0.18123765884533147,
      0.18074133049673105,
      0.1823778424730312,
      0.1787353525574826,
      0.1759409606515701,
      0.17164303671238543,
      0.17420104180191515,
      0.16688066616630817,
      0.16520883263784308,
      0.16542550987457927,
      0.16544124447516625,
      0.15974390078218112,
      0.15656073102609644,
      0.15701188687588782,
      0.15371963186071644,
      0.15561763890959981,
      0.14976908848915674,
      0.14922561187627195,
      0.14807544615048962,
      0.14712984847565053,
      0.1444308510451,
      0.1417400530669131,
      0.13977245882719377,
      0.1382503525495435,
      0.13954823123456178,
      0.13705394295032455,
      0.1375800224280433,
      0.13519955262588926,
      0.1322072235442981,
      0.1317302359067658,
      0.12853208956414763,
      0.1300352352694903,
      0.12795230007695058,
      0.1260171219753691,
      0.12468167199882903,
      0.12333083446903885,
      0.12220919973370206,
      0.12145837908021256,
      0.12044469135094292,
      0.11866738129100657,
      0.11798074934042141,
      0.11769731661682076,
      0.114550379246379,
      0.11511372506642077,
      0.11389576006515682,
      0.11431809911457232,
      0.11118121444884263,
      0.11041138848714248,
      0.10956952783361643,
      0.10908916687793276,
      0.10883117748919545,
      0.10883467116310627,
      0.10731990987293516,
      0.10687870132630761,
      0.1050225776366748,
      0.10434511736259336,
      0.10487896417668444,
      0.10408253843683891,
      0.10194955053267694,
      0.1008615984398683,
      0.10143188444331666,
      0.10127984109935881,
      0.10031382383519336,
      0.10008174068400566,
      0.09906079909540241,
      0.09895327343027803,
      0.098015339603011,
      0.09762991042630866,
      0.09734246111180209,
      0.09691046111438942,
      0.09915609781253093,
      0.09660560104854499,
      0.09522547642995097,
      0.09530406351248392,
      0.09458091359915613,
      0.09444740167936852,
      0.0952806652323166,
      0.09390704716037063,
      0.09334991640658884,
      0.09334276907169554,
      0.09269290864821288,
      0.09232082075580861,
      0.0918808880857416,
      0.09177943411330351,
      0.09230246484173532,
      0.09128494890807551,
      0.09143846570749921,
      0.09139484582952212,
      0.09106538318616303,
      0.09114899993520466,
      0.0907620086417168,
      0.09061713865368709,
      0.09054228039517338,
      0.09037269005858445,
      0.08986943888867015,
      0.08963279840772194,
      0.0901871711764296,
      0.08945740510627062,
      0.08975318834020556,
      0.08942536079277626,
      0.08991613674354798,
      0.08988223300032507,
      0.08950356143538522,
      0.08912056799435729,
      0.0895848451034885,
      0.08940511017365829,
      0.08965590607398484
    ],