{
  "loss": 1.5120745731592178,
  "mean_iou": 39.437334579674335,
  "pixel_accuracy": 78.65089946687209,
  "num_classes_present": 150,
  "iou_per_class": [
    72.22225635529855,
    78.13146784864594,
    93.4883786365766,
    75.60991645878576,
    72.01307363683156,
    79.41849769260094,
    77.4378376919145,
    80.21281314514636,
    56.39049664359852,
    56.02607229933244,
    51.250102342772266,
    55.92540306750446,
    75.17379483435332,
    31.386027698583792,
    38.85838321316245,
    48.77383162302828,
    58.211795023300326,
    43.5486253158769,
    63.92506393925337,
    52.02404720817878,
    77.67370265233792,
    46.58558989062334,
    64.35825713756273,
    60.60756966241677,
    36.96902231342584,
    41.14087585311647,
    65.96445942252593,
    46.067072370744896,
    49.986604086657586,
    32.04495112392956,
    40.279081124123316,
    52.59446935230982,
    32.48836477014392,
    34.893755126310374,
    40.737977484044706,
    43.07660225218963,
    54.5920284475727,
    58.490632222133776,
    22.146236609267014,
    49.03608232780494,
    17.124327772314977,
    16.71377474003869,
    37.3001491633492,
    30.574175916480385,
    43.113956113068724,
    26.87618601038927,
    42.56718098036478,
    59.26652507825947,
    53.945986375472174,
    55.03795030226748,
    58.48803420385349,
    38.5317745527069,
    20.62410616556011,
    28.799235608886548,
    54.7775981368322,
    46.32373951794284,
    87.64898125169162,
    43.743264695998796,
    52.80387018219539,
    30.71280984677609,
    26.37312670988446,
    52.68139774332443,
    37.354830237127175,
    24.768267784643918,
    51.05276496779836,
    76.82044401240442,
    29.56404039964775,
    40.9904895337808,
    12.329348802201933,
    35.18212415111625,
    47.05410898492925,
    59.35820618938785,
    54.98415442235667,
    33.497359903548194,
    54.310874680852486,
    46.22355143532641,
    47.68848835405109,
    26.616507660525997,
    27.779062141721433,
    15.472856430258483,
    66.79221813985669,
    45.00840192275637,
    48.180898261016516,
    13.42216563195692,
    34.868667723244165,
    56.448405439026175,
    18.864106308125006,
    21.276001581709362,
    33.051613637733475,
    54.52910201537093,
    49.242980715468185,
    6.032102205895659,
    20.089562739370848,
    15.200831524798977,
    4.357255088608805,
    8.912065236843638,
    26.754317338586088,
    33.04749788206262,
    19.893583933173375,
    37.239565355461366,
    12.289198809593278,
    5.517957427997243,
    33.851611077755464,
    17.70188785573401,
    16.09723664104329,
    38.92257895197271,
    9.488392469574444,
    66.88564322857789,
    18.775606218022855,
    39.11467887335005,
    36.15884370226315,
    34.9056896926758,
    25.139955765336747,
    50.55447500025021,
    74.69680813775445,
    5.502859251993387,
    44.91683477334145,
    75.92349362333438,
    31.110706233346242,
    42.4514819494211,
    46.19827499055555,
    5.880333184968525,
    14.498391903455193,
    23.475569705352797,
    35.10706362002406,
    34.38676481212423,
    47.795159040327135,
    42.049877115242005,
    4.133013591074809,
    57.019377203773914,
    50.22622632937242,
    9.151144167270015,
    13.737594139813975,
    40.27707903607185,
    31.850761738994386,
    24.266410665120997,
    22.984963604484353,
    4.408647145688013,
    33.47605433429545,
    52.21753738717966,
    22.61838983326291,
    2.575708050529716,
    30.728677178149795,
    4.860307359120531,
    18.75936662936968,
    1.3125895687670994,
    29.458937043722745,
    9.834396780635297,
    22.561997904296195,
    31.6954404603807
  ]
}