{
  "final_metrics": {
    "mean_iou": 39.437334579674335,
    "pixel_accuracy": 78.65089946687209
  },
  "training_history": {
    "train_loss": [
      1.7531774931384208,
      1.2171544541730492,
      1.0637643479833878,
      0.9205541424143677,
      0.825850776015981,
      0.7586708629041686,
      0.6851336350542875,
      0.6355877986327433,
      0.5917234141681805,
      0.5458940608809482,
      0.5143319923898001,
      0.4832974796798515,
      0.45108621428618567,
      0.42890108337527827,
      0.4063167475137401,
      0.3843502995285726,
      0.36943147290493594,
      0.352359916748008,
      0.33999048048415864,
      0.3343984745899868,
      0.3145425942401005,
      0.3022738655813136,
      0.2924139616184665,
      0.2843922095533223,
      0.2750346851227403,
      0.26463038247590204,
      0.26621025794513337,
      0.2520958991256164,
      0.24053723985409614,
      0.23701623027320903,
      0.22889609112421608,
      0.22519730122890405,
      0.222451419596456,
      0.21254606950080202,
      0.2057542693464002,
      0.20368218452599288,
      0.19875628777440943,
      0.18851918914382243,
      0.19532441184496663,
      0.1825324115831719,
      0.179864032667972,
      0.17599182163461377,
      0.16901903537289634,
      0.17261646046120044,
      0.1612370196695992,
      0.16065763706451214,
      0.15983067257724168,
      0.15452178566910837,
      0.15361718605830824,
      0.14860871710181,
      0.1454999996979434,
      0.14113583851813516,
      0.14064320427305527,
      0.13710021552658147,
      0.13427533754186285,
      0.13144353491176386,
      0.1305705510657745,
      0.1319584601131597,
      0.12399858226140922,
      0.12580462019753447,
      0.12069946949543055,
      0.11795853237725785,
      0.11879793861471809,
      0.11478152610494254,
      0.11533503022986907,
      0.11042731479665344,
      0.11267832223787391,
      0.10695463774241522,
      0.10686890874389703,
      0.10264914067403856,
      0.10530074141539271,
      0.10033072448668387,
      0.09944402718076982,
      0.09746854619772057,
      0.09846335519466373,
      0.0944005892456144,
      0.09454829611700893,
      0.09222153046319123,
      0.087665006677577,
      0.08923289911149988,
      0.08723924682723659,
      0.0860552608297543,
      0.08650998874236861,
      0.08521352393746517,
      0.08342510326033908,
      0.08419289862273426,
      0.08082369233503331,
      0.0779546029050512,
      0.07814550015973654,
      0.07703175032485556,
      0.07684455246549965,
      0.07656906206244812,
      0.07435049179633309,
      0.07338412157339119,
      0.07259082087902717,
      0.07292345756916223,
      0.07185499131647102,
      0.06982820383470238,
      0.06802627681465219,
      0.06810925559954865,
      0.06827465149079757,
      0.06662489191953684,
      0.06497127020773583,
      0.0647191156113176,
      0.06442842670640056,
      0.06434677961106634,
      0.06362330891651909,
      0.06243514802364384,
      0.06149498341132588,
      0.06166299442909171,
      0.061032341035443374,
      0.059531792596595814,
      0.05935431985817717,
      0.058811432893893255,
      0.058278464119944785,
      0.0581405936571912,
      0.0575546422434457,
      0.057097370099817336,
      0.056197678094614054,
      0.05587743540476163,
      0.055576562986874654,
      0.05532127264761788,
      0.054858078420911095,
      0.0542866277143943,
      0.05394677361042239,
      0.05351193118538246,
      0.05331464440771535,
      0.052959241256041165,
      0.05252893074320907,
      0.05218047645941029,
      0.05247076813958594,
      0.05157784116647911,
      0.051648983565281865,
      0.05121408898912615,
      0.05093146547775378,
      0.050710980160892316,
      0.05052839425957434,
      0.050272431822370574,
      0.05032858098545681,
      0.04996037606531728,
      0.04978462823950046,
      0.0496809442152041,
      0.04952244347511991,
      0.049291614869106035,
      0.049242677208335445,
      0.04913224681303772,
      0.049051851954062,
      0.04892670706232923,
      0.04878487575358442,
      0.04880369113567298,
      0.04861634585536135,
      0.048796664074293276,
      0.04846917441594634,
      0.04842025510300442,
      0.048357062038074,
      0.048329535339559825,
      0.04826230371940688,
      0.04825516427720801,
      0.04821038065344791,
      0.04822515887195384
    ],