{
  "loss": 1.948768576860428,
  "mean_iou": 39.70267224804272,
  "pixel_accuracy": 79.28872230981685,
  "num_classes_present": 150,
  "iou_per_class": [
    72.72215511994558,
    78.8157766190167,
    93.65495390163967,
    76.36605216490895,
    72.10625627063862,
    81.11124207061337,
    80.86011316525126,
    80.12454156380096,
    57.11656353736909,
    64.6478129284453,
    51.20057363327181,
    60.57088720007725,
    74.07820729770182,
    35.32521839217052,
    33.485700589545836,
    46.46399292005778,
    60.86096852826981,
    43.19796839482685,
    64.78409734592597,
    46.230493701831946,
    78.2441626382648,
    49.32188198572494,
    65.6002596558029,
    52.53499532068259,
    37.052484441382795,
    39.955351556670706,
    69.90687951561534,
    52.30999289635528,
    53.21064522231577,
    37.663640538966305,
    31.578887114876288,
    52.51575256159834,
    29.89410276398918,
    36.23779237222251,
    42.83733566604143,
    47.540867977397646,
    49.24297435410205,
    65.65463779663176,
    28.79114514444831,
    44.470769903951485,
    17.48843383918955,
    19.940042239538045,
    35.108803535646736,
    28.815497589916284,
    40.81470430629165,
    25.18166078666703,
    46.685023573588126,
    57.05157476620899,
    60.718333286928036,
    54.166142011698845,
    63.76035644007243,
    35.39241283144386,
    19.23430653669055,
    29.491221167171545,
    55.87600237280738,
    40.6451226492594,
    90.01346805997777,
    43.50913437599547,
    51.789688726412564,
    38.675762422054554,
    22.4314865709187,
    47.89724244374072,
    33.99375508698852,
    23.780288895026082,
    50.31141492286129,
    70.8392448886276,
    25.113941463979067,
    40.07080706436634,
    14.737097201067575,
    31.1433266220558,
    49.87140009573549,
    53.153471392523485,
    50.11456886698821,
    33.03168477407139,
    47.603793397918615,
    41.09071315161339,
    47.03301383331669,
    34.03137908145793,
    21.979292130037216,
    33.686414341326184,
    72.9831819655288,
    45.428216543276676,
    44.133242718522226,
    16.189123086025678,
    29.003520012656224,
    52.808439931866005,
    18.989079470738265,
    16.509192816775727,
    33.321813657727404,
    48.81144739295259,
    58.756511719983806,
    5.820914975887388,
    24.179508316340414,
    11.878290996246719,
    2.8743520230492634,
    8.541001297129963,
    28.28738030278714,
    25.07206106166121,
    17.02730041450891,
    30.042822438860696,
    15.798563569765015,
    11.34066160845858,
    24.49319218230455,
    24.206541814537225,
    20.037026562761856,
    57.8256856269615,
    11.818339755813199,
    64.50560549086487,
    16.203736732380523,
    51.386781522484846,
    30.183117578384515,
    7.555069323178556,
    24.984217018424808,
    55.3538615556022,
    88.58952317609314,
    9.662246388536294,
    38.71654520778795,
    69.82596903228387,
    20.156930541758996,
    47.80209563809773,
    32.175255125430304,
    2.988390823751597,
    40.37804318962592,
    23.756960817221174,
    38.63214694331921,
    18.578627621154006,
    46.14832630702832,
    41.59916450150288,
    6.060958845838687,
    51.670537316583975,
    57.549115221018496,
    5.909902335481617,
    35.13114818372508,
    40.38470332685492,
    30.388984756974402,
    21.497612931029657,
    21.60697063420799,
    3.460846705575069,
    29.989497652416425,
    51.18094811663961,
    46.47385349013374,
    5.141144929821795,
    35.696697976251976,
    11.925405632708625,
    12.525629149596718,
    2.2513843790840866,
    44.076958418177796,
    5.734848355111058,
    18.595076044029913,
    28.228423492579545
  ]
}