{
  "final_metrics": {
    "mean_iou": 39.70267224804272,
    "pixel_accuracy": 79.28872230981685
  },
  "training_history": {
    "train_loss": [
      1.608910751215403,
      1.0424533692989417,
      0.867653785744438,
      0.7089248144867206,
      0.6176199650087515,
      0.5373471269658964,
      0.4808275651969502,
      0.43082422023358247,
      0.3960486413947103,
      0.36847396749526934,
      0.3390070837821043,
      0.317506906242181,
      0.309645685377237,
      0.2817374435505897,
      0.28175181356233997,
      0.26206045247228144,
      0.24312082689578324,
      0.24431357135296716,
      0.23656925931425496,
      0.22385818480289543,
      0.21726152437345095,
      0.20453223046527155,
      0.19691433872825598,
      0.19234286485144778,
      0.18690763750317355,
      0.1925438998460911,
      0.17591331293861717,
      0.1677666458485152,
      0.1768236797572739,
      0.16412614962306474,
      0.1543292639608269,
      0.1577723387895623,
      0.15243503772574402,
      0.15445912857866118,
      0.15166615654073498,
      0.1440555729417165,
      0.13590433789386927,
      0.15293933617317446,
      0.13134617300952522,
      0.12589311324499272,
      0.13476436898896568,
      0.13713704636316787,
      0.12356665415735786,
      0.12744823372530334,
      0.11714857744313202,
      0.12475270577892514,
      0.11045414930247109,
      0.11920437527961253,
      0.11460159060467502,
      0.10887893217829173,
      0.11476303494473102,
      0.1074205128439906,
      0.10439713118095902,
      0.10172220538869695,
      0.10159623756751177,
      0.09852923672509184,
      0.09753237099051004,
      0.09806423943724187,
      0.09608549274265366,
      0.09517713872768165,
      0.08927624962330571,
      0.08544750285652206,
      0.09821421100061828,
      0.08969981620198048,
      0.08966747775296473,
      0.0822170116007328,
      0.0812238768040898,
      0.08313856435166454,
      0.08758246287449953,
      0.07534794601253195,
      0.08011455736615038,
      0.07606311766471276,
      0.07526676901581145,
      0.07701469260386955,
      0.07857566766314088,
      0.07165936049668035,
      0.08664235667420274,
      0.0684920711834227,
      0.06695418478497225,
      0.07022760456724982,
      0.07052713420225855,
      0.06613957621584686,
      0.06602905796443491,
      0.06525821782144389,
      0.0642949846931772,
      0.06373475644063775,
      0.06583211361347661,
      0.05944317930643744,
      0.05958818661312152,
      0.06055858553408232,
      0.05927780101044073,
      0.0581409687881749,
      0.05746083036006134,
      0.05657716232252819,
      0.055994332611389815,
      0.0553337724523366,
      0.055151218597802615,
      0.052531310000029724,
      0.052802411772290093,
      0.05260898059194957,
      0.05183707281127484,
      0.05120811372741815,
      0.050629150131986364,
      0.050131563269719334,
      0.04940407334885486,
      0.04882269933359822,
      0.048445558394362535,
      0.04787192213211575,
      0.04736274713447644,
      0.04682052803277781,
      0.046486125976661,
      0.045887641443605236,
      0.04553407088451332,
      0.04523736925601818,
      0.0443776211807107,
      0.04423572625087734,
      0.04386322652765553,
      0.04362477608862417,
      0.04304430479435143,
      0.04287201232123172,
      0.04252546420228731,
      0.04212637281109445,
      0.0419394124050886,
      0.04146765458180492,
      0.041300771016808874,
      0.04106226588220147,
      0.040778361736687335,
      0.04047456077514876,
      0.04026342468018536,
      0.04001006986732109,
      0.03978766391785733,
      0.03955663035674958,
      0.03934931945974147,
      0.03915887031236868,
      0.03898292559935764,
      0.03883063042080115,
      0.03869126087624387,
      0.03852372966945573,
      0.03836835477299189,
      0.03828048178071814,
      0.038145098332529444,
      0.03800972075605869,
      0.03790701811246465,
      0.037810734719727936,
      0.03769268243170782,
      0.03762096873671406,
      0.037530783864956604,
      0.037438088274318736,
      0.03738146435748012,
      0.037303626551696396,
      0.037291757829507964,
      0.037230062661865716,
      0.03719549969083408,
      0.03714405281486179,
      0.037082803126042736,
      0.03708427492529154,
      0.0370994515932262,
      0.036978045686324644,
      0.03698919763582931,
      0.03697584460142648
    ],